<?xml version="1.0" encoding="UTF-8"?>
<!DOCTYPE filesystem PUBLIC "-//NetBeans//DTD Filesystem 1.1//EN" "http://www.netbeans.org/dtds/filesystem-1_1.dtd">
<filesystem>
    <folder name="Actions">
        <folder name="Window">
            <file name="com-tomwheeler-example-basicwizard-ExampleWizardAction.instance"/>
        </folder>
    </folder>
    <folder name="Menu">
        <folder name="Window">
            <file name="com-tomwheeler-example-basicwizard-ExampleWizardAction.shadow">
                <attr name="originalFile" stringvalue="Actions/Window/com-tomwheeler-example-basicwizard-ExampleWizardAction.instance"/>
            </file>
            <attr name="com-tomwheeler-example-basicwizard-ExampleWizardAction.shadow/com-tomwheeler-example-basicwizard-separatorAfter.instance" boolvalue="true"/>
            <file name="com-tomwheeler-example-basicwizard-separatorAfter.instance">
                <attr name="instanceClass" stringvalue="javax.swing.JSeparator"/>
            </file>
            <attr name="com-tomwheeler-example-basicwizard-separatorAfter.instance/org-netbeans-modules-project-ui-logical-tab-action.shadow" boolvalue="true"/>
        </folder>
    </folder>
</filesystem>
